{"cameraMode":{"drawMode":0,"name":"Shaded","section":"Shading Mode"},"sceneLighting":false,"audioPlay":false,"sceneViewState":{"m_AlwaysRefresh":false,"showFog":true,"showSkybox":false,"showFlares":true,"showImageEffects":true,"showParticleSystems":true,"showVisualEffectGraphs":true,"m_FxEnabled":false},"in2DMode":false,"pivot":{"x":-0.23999997973442079,"y":1.0626856088638306,"z":-0.1547141969203949},"rotation":{"x":0.2401999831199646,"y":-0.12048640102148056,"z":0.030064260587096216,"w":0.9627606868743897},"size":1.3023747205734254,"orthographic":false}