{"cameraMode":{"drawMode":0,"name":"Shaded","section":"Shading Mode"},"sceneLighting":true,"audioPlay":false,"sceneViewState":{"m_AlwaysRefresh":false,"showFog":true,"showSkybox":true,"showFlares":true,"showImageEffects":true,"showParticleSystems":true,"showVisualEffectGraphs":true,"m_FxEnabled":false},"in2DMode":false,"pivot":{"x":4.8961286544799809,"y":0.9725351333618164,"z":1.6647827625274659},"rotation":{"x":0.18029512465000153,"y":0.04866960272192955,"z":-0.008932334370911122,"w":0.982431173324585},"size":2.051666021347046,"orthographic":false}