{"cameraMode":{"drawMode":0,"name":"Shaded","section":"Shading Mode"},"sceneLighting":false,"audioPlay":false,"sceneViewState":{"m_AlwaysRefresh":false,"showFog":true,"showSkybox":false,"showFlares":true,"showImageEffects":true,"showParticleSystems":true,"showVisualEffectGraphs":true,"m_FxEnabled":false},"in2DMode":false,"pivot":{"x":2.6020257472991945,"y":2.360527515411377,"z":1.829197883605957},"rotation":{"x":0.21113990247249604,"y":-0.04836566373705864,"z":0.01045273244380951,"w":0.9762299060821533},"size":0.45346030592918398,"orthographic":false}